{
    "items": [
        {
            "Name": "Networking",
            "TextColor": {
                "r": 0.6273584961891174,
                "g": 0.9198017716407776,
                "b": 1.0,
                "a": 1.0
            },
            "FontSize": 12,
            "FontStyle": 1,
            "ImageColor": {
                "r": 0.6274510025978088,
                "g": 0.9215686321258545,
                "b": 1.0,
                "a": 1.0
            },
            "ImageType": 9
        },
        {
            "Name": "Colocation",
            "TextColor": {
                "r": 0.5896226167678833,
                "g": 0.6485313773155212,
                "b": 1.0,
                "a": 1.0
            },
            "FontSize": 12,
            "FontStyle": 1,
            "ImageColor": {
                "r": 0.5882353186607361,
                "g": 0.6470588445663452,
                "b": 1.0,
                "a": 1.0
            },
            "ImageType": 9
        },
        {
            "Name": "MixedReality",
            "TextColor": {
                "r": 0.4292452931404114,
                "g": 1.0,
                "b": 0.5394618511199951,
                "a": 1.0
            },
            "FontSize": 12,
            "FontStyle": 1,
            "ImageColor": {
                "r": 0.4274509847164154,
                "g": 1.0,
                "b": 0.5411764979362488,
                "a": 1.0
            },
            "ImageType": 9
        },
        {
            "Name": "World",
            "TextColor": {
                "r": 1.0,
                "g": 0.8922240734100342,
                "b": 0.5801886916160584,
                "a": 1.0
            },
            "FontSize": 12,
            "FontStyle": 1,
            "ImageColor": {
                "r": 1.0,
                "g": 0.8941176533699036,
                "b": 0.5803921818733215,
                "a": 1.0
            },
            "ImageType": 9
        }
    ]
}